"","bm.model","biomass","SE","year"
"1","bin2",NA,0.487902870315066,2012
"2","bin2b",NA,NA,2012
"3","jenkins.spruce",198.000473440483,22.2651778505891,2012
"4","nt.spruce",246.402053213967,27.7295236722577,2012
"5","nt.vcnp",259.497700259935,33.0210798592787,2012
"6","nt.mixed.con",261.457517329035,31.5849675022282,2012
"7","nt.psme",325.95240846149,37.3046291625721,2012
